Emotion,Percentage
Happy,12.0
Angry,6.6000000000000005
Surprise,3.1000000000000005
Sad,14.000000000000002
Fear,64.3
