Emotion,Percentage,Tot Valid
Happy,19.1539531187923,5034
Angry,4.61442193087009,5034
Surprise,14.97874453714744,5034
Sad,19.570520460866184,5034
Fear,41.62614223281682,5034
