Emotion,Percentage,Tot Valid
Happy,21.321921065145073,4206
Angry,5.726343319068005,4206
Surprise,12.909652876842578,4206
Sad,19.108654303376174,4206
Fear,40.880408939610064,4206
