Emotion,Percentage,Tot Valid
Happy,15.370332894869984,9883
Angry,5.624911464130301,9883
Surprise,15.7412728928463,9883
Sad,20.39593240918752,9883
Fear,42.80481635131017,9883
