Emotion,Percentage
Happy,10.222222222222223
Angry,18.88888888888889
Surprise,2.2222222222222223
Sad,10.111111111111112
Fear,58.55555555555555
