Emotion,Percentage,Tot Valid
Happy,21.727404193781613,1383
Angry,4.459146782357197,1383
Surprise,12.846710050614615,1383
Sad,15.23788864786695,1383
Fear,45.66377440347077,1383
